Split,Loss,Accuracy,Precision,Recall
Train,0.010284367948770523,0.9970559477806091,0.9960784316062927,0.9980353713035583
Validation,0.04634874686598778,0.9882352948188782,0.9940476417541504,0.9823529124259949
Test,0.061364371329545975,0.9882352948188782,0.9882352948188782,0.9882352948188782
