Split,Mean_Reconstruction_Loss,Accuracy_After_Threshold,Precision_Anomaly,Recall_Anomaly,F1_Anomaly
Train,0.064643405,0.5009803921568627,0.5004906771344455,1.0,0.6671026814911707
Validation,0.06520928,0.4970588235294118,0.49852507374631266,0.9941176470588236,0.6640471512770137
Test,0.06513979,0.5,0.5,1.0,0.6666666666666666
