Model,Accuracy,Precision_Anomaly,Recall_Anomaly_TPR,F1_Anomaly,False_Positive_Rate,ROC_AUC,Average_Precision,TN,FP,FN,TP
MLP Neural Network on FaceNet Embeddings,0.9882352941176471,0.9882352941176471,0.9882352941176471,0.9882352941176471,0.011764705882352941,0.9937716262975779,0.9877380401595631,168,2,2,168
